Model,Scenario,Method,AUC
Vanilla,1,SUM,0.7336
Vanilla,1,concat CR_0,0.7342
Vanilla,1,concat CR_1,0.7340
Vanilla,1,concat CR_2,0.7343
Vanilla,1,concat CR_3,0.7350
Vanilla,1,concat CR_4,0.7367
Vanilla,1,concat CR_5,0.7342
Vanilla,1,gate CR_0,0.7348
Vanilla,1,gate CR_1,0.7351
Vanilla,1,gate CR_2,0.7349
Vanilla,1,gate CR_3,0.7352
Vanilla,1,gate CR_4,0.7353
Vanilla,1,gate CR_5,0.7345
Vanilla,1,Vanilla,0.7330
MoE,1,SUM,0.7353
MoE,1,concat CR_0,0.7341
MoE,1,concat CR_1,0.7350
MoE,1,concat CR_2,0.7342
MoE,1,concat CR_3,0.7347
MoE,1,concat CR_4,0.7359
MoE,1,concat CR_5,0.7353
MoE,1,gate CR_0,0.7346
MoE,1,gate CR_1,0.7350
MoE,1,gate CR_2,0.7344
MoE,1,gate CR_3,0.7348
MoE,1,gate CR_4,0.7349
MoE,1,gate CR_5,0.7363
MoE,1,Vanilla,0.7335
Vanilla,0,SUM,0.7135
Vanilla,0,concat CR_0,0.7142
Vanilla,0,concat CR_1,0.7143
Vanilla,0,concat CR_2,0.7165
Vanilla,0,concat CR_3,0.7120
Vanilla,0,concat CR_4,0.7129
Vanilla,0,concat CR_5,0.7137
Vanilla,0,gate CR_0,0.7135
Vanilla,0,gate CR_1,0.7135
Vanilla,0,gate CR_2,0.7137
Vanilla,0,gate CR_3,0.7180
Vanilla,0,gate CR_4,0.7182
Vanilla,0,gate CR_5,0.7145
Vanilla,0,Vanilla,0.7141
MoE,0,SUM,0.7133
MoE,0,concat CR_0,0.7138
MoE,0,concat CR_1,0.7154
MoE,0,concat CR_2,0.7118
MoE,0,concat CR_3,0.7122
MoE,0,concat CR_4,0.7084
MoE,0,concat CR_5,0.7117
MoE,0,gate CR_0,0.7146
MoE,0,gate CR_1,0.7148
MoE,0,gate CR_2,0.7149
MoE,0,gate CR_3,0.7132
MoE,0,gate CR_4,0.7161
MoE,0,gate CR_5,0.7149
MoE,0,Vanilla,0.7143
Vanilla,4,SUM,0.7102
Vanilla,4,concat CR_0,0.7044
Vanilla,4,concat CR_1,0.7145
Vanilla,4,concat CR_2,0.7211
Vanilla,4,concat CR_3,0.7233
Vanilla,4,concat CR_4,0.7024
Vanilla,4,concat CR_5,0.7173
Vanilla,4,gate CR_0,0.7134
Vanilla,4,gate CR_1,0.7040
Vanilla,4,gate CR_2,0.7212
Vanilla,4,gate CR_3,0.7217
Vanilla,4,gate CR_4,0.7171
Vanilla,4,gate CR_5,0.7152
Vanilla,4,Vanilla,0.7154
MoE,4,SUM,0.7072
MoE,4,concat CR_0,0.7078
MoE,4,concat CR_1,0.7151
MoE,4,concat CR_2,0.7226
MoE,4,concat CR_3,0.7181
MoE,4,concat CR_4,0.7114
MoE,4,concat CR_5,0.7133
MoE,4,gate CR_0,0.7146
MoE,4,gate CR_1,0.7102
MoE,4,gate CR_2,0.7200
MoE,4,gate CR_3,0.7214
MoE,4,gate CR_4,0.7165
MoE,4,gate CR_5,0.7200
MoE,4,Vanilla,0.7100
Vanilla,2,SUM,0.7979
Vanilla,2,concat CR_0,0.7960
Vanilla,2,concat CR_1,0.8023
Vanilla,2,concat CR_2,0.7962
Vanilla,2,concat CR_3,0.7991
Vanilla,2,concat CR_4,0.7978
Vanilla,2,concat CR_5,0.8000
Vanilla,2,gate CR_0,0.8016
Vanilla,2,gate CR_1,0.7941
Vanilla,2,gate CR_2,0.7955
Vanilla,2,gate CR_3,0.7984
Vanilla,2,gate CR_4,0.7998
Vanilla,2,gate CR_5,0.8010
Vanilla,2,Vanilla,0.8000
MoE,2,SUM,0.8002
MoE,2,concat CR_0,0.8023
MoE,2,concat CR_1,0.7972
MoE,2,concat CR_2,0.8016
MoE,2,concat CR_3,0.7994
MoE,2,concat CR_4,0.7964
MoE,2,concat CR_5,0.8013
MoE,2,gate CR_0,0.7956
MoE,2,gate CR_1,0.7978
MoE,2,gate CR_2,0.7932
MoE,2,gate CR_3,0.8010
MoE,2,gate CR_4,0.8001
MoE,2,gate CR_5,0.8010
MoE,2,Vanilla,0.7970
Vanilla,6,SUM,0.7163
Vanilla,6,concat CR_0,0.7278
Vanilla,6,concat CR_1,0.7228
Vanilla,6,concat CR_2,0.7242
Vanilla,6,concat CR_3,0.7303
Vanilla,6,concat CR_4,0.7256
Vanilla,6,concat CR_5,0.7252
Vanilla,6,gate CR_0,0.7135
Vanilla,6,gate CR_1,0.7169
Vanilla,6,gate CR_2,0.7258
Vanilla,6,gate CR_3,0.7278
Vanilla,6,gate CR_4,0.7255
Vanilla,6,gate CR_5,0.7231
Vanilla,6,Vanilla,0.7168
MoE,6,SUM,0.7224
MoE,6,concat CR_0,0.7170
MoE,6,concat CR_1,0.7245
MoE,6,concat CR_2,0.7260
MoE,6,concat CR_3,0.7194
MoE,6,concat CR_4,0.7225
MoE,6,concat CR_5,0.7278
MoE,6,gate CR_0,0.7199
MoE,6,gate CR_1,0.7185
MoE,6,gate CR_2,0.7200
MoE,6,gate CR_3,0.7294
MoE,6,gate CR_4,0.7281
MoE,6,gate CR_5,0.7225
MoE,6,Vanilla,0.7213
Vanilla,3,SUM,0.7284
Vanilla,3,concat CR_0,0.7250
Vanilla,3,concat CR_1,0.7532
Vanilla,3,concat CR_2,0.7293
Vanilla,3,concat CR_3,0.7228
Vanilla,3,concat CR_4,0.6865
Vanilla,3,concat CR_5,0.7199
Vanilla,3,gate CR_0,0.7281
Vanilla,3,gate CR_1,0.7407
Vanilla,3,gate CR_2,0.7371
Vanilla,3,gate CR_3,0.7646
Vanilla,3,gate CR_4,0.7105
Vanilla,3,gate CR_5,0.6695
Vanilla,3,Vanilla,0.7353
MoE,3,SUM,0.6897
MoE,3,concat CR_0,0.6835
MoE,3,concat CR_1,0.7411
MoE,3,concat CR_2,0.7288
MoE,3,concat CR_3,0.7259
MoE,3,concat CR_4,0.6762
MoE,3,concat CR_5,0.7003
MoE,3,gate CR_0,0.7124
MoE,3,gate CR_1,0.6999
MoE,3,gate CR_2,0.7115
MoE,3,gate CR_3,0.6989
MoE,3,gate CR_4,0.7295
MoE,3,gate CR_5,0.6805
MoE,3,Vanilla,0.6197
Vanilla,8,SUM,0.7456
Vanilla,8,concat CR_0,0.7994
Vanilla,8,concat CR_1,0.7771
Vanilla,8,concat CR_2,0.7597
Vanilla,8,concat CR_3,0.7455
Vanilla,8,concat CR_4,0.7252
Vanilla,8,concat CR_5,0.7536
Vanilla,8,gate CR_0,0.7732
Vanilla,8,gate CR_1,0.7739
Vanilla,8,gate CR_2,0.7785
Vanilla,8,gate CR_3,0.7628
Vanilla,8,gate CR_4,0.7411
Vanilla,8,gate CR_5,0.7553
Vanilla,8,Vanilla,0.7777
MoE,8,SUM,0.7401
MoE,8,concat CR_0,0.7107
MoE,8,concat CR_1,0.7642
MoE,8,concat CR_2,0.7741
MoE,8,concat CR_3,0.7362
MoE,8,concat CR_4,0.7510
MoE,8,concat CR_5,0.7774
MoE,8,gate CR_0,0.7832
MoE,8,gate CR_1,0.7771
MoE,8,gate CR_2,0.7801
MoE,8,gate CR_3,0.7942
MoE,8,gate CR_4,0.7651
MoE,8,gate CR_5,0.7676
MoE,8,Vanilla,0.7523
Vanilla,5,SUM,0.6619
Vanilla,5,concat CR_0,0.6611
Vanilla,5,concat CR_1,0.6432
Vanilla,5,concat CR_2,0.6833
Vanilla,5,concat CR_3,0.6624
Vanilla,5,concat CR_4,0.6702
Vanilla,5,concat CR_5,0.6714
Vanilla,5,gate CR_0,0.6264
Vanilla,5,gate CR_1,0.6673
Vanilla,5,gate CR_2,0.6676
Vanilla,5,gate CR_3,0.6719
Vanilla,5,gate CR_4,0.5986
Vanilla,5,gate CR_5,0.6810
Vanilla,5,Vanilla,0.6880
MoE,5,SUM,0.6673
MoE,5,concat CR_0,0.6738
MoE,5,concat CR_1,0.6633
MoE,5,concat CR_2,0.6661
MoE,5,concat CR_3,0.6726
MoE,5,concat CR_4,0.6945
MoE,5,concat CR_5,0.6056
MoE,5,gate CR_0,0.6275
MoE,5,gate CR_1,0.6518
MoE,5,gate CR_2,0.6735
MoE,5,gate CR_3,0.6414
MoE,5,gate CR_4,0.6642
MoE,5,gate CR_5,0.6637
MoE,5,Vanilla,0.6588
